State,Industry,Fee,Square Footage
Oregon,Federal,5744099.401543735,57688.182601059125
Wyoming,Federal,7244955.684832562,476406.2137416458
Illinois,Energy,2138836.7256764974,215022.4673665878
Virginia,Energy,882011.8215883321,224088.0476286537
Minnesota,Aviation,5753245.223953427,358538.34430562466
New Mexico,Aviation,6690824.6170012355,26097.92167252879
Maryland,Federal,8005977.141722918,20554.160335599707
Illinois,Healthcare,3092512.2949065007,438572.99705957796
Michigan,Aviation,6882088.842971939,150362.90286305378
Massachusetts,Healthcare,3837349.5200190498,314283.0442768355
Louisiana,Federal,4559026.070799789,137077.51110948564
Ohio,Aviation,966368.180244413,287774.5015093332
Connecticut,Energy,2154696.8222108004,82176.19003743715
Alabama,Aviation,5113116.636560625,30849.027426615696
Illinois,Healthcare,6775439.360564079,151817.34346136526
Colorado,Energy,9744166.580037458,170540.3879996191
Minnesota,Federal,3508038.3607943235,367275.8957511965
Maine,Energy,1706109.8701231158,241346.19888178876
Utah,Energy,7198697.486725331,354547.91056380613
California,Healthcare,4547975.977589564,151167.89876770764
Nebraska,Corporate,6092172.233759044,93156.46172013388
Virginia,Aviation,3485237.615577423,499508.60313256894
Florida,Transportation,6349166.451014461,412801.6638103048
Michigan,Federal,851901.8360340175,485842.1291382866
Hawaii,Healthcare,1068307.3575144974,307108.7609524757
Rhode Island,Healthcare,800378.0360999962,341940.5320310874
Indiana,Federal,8726943.084942859,356259.7730903376
Georgia,Transportation,6083585.6641299995,410896.2537098065
Delaware,Corporate,3000398.392514657,74601.17762726042
New York,Energy,8731455.116450958,358477.7042458103
Pennsylvania,Federal,8678781.078697188,387087.99444063375
Kentucky,Federal,9002457.792405698,264019.5806195961
Iowa,Federal,7595780.887839766,224454.1401086331
Colorado,Transportation,230867.07490813002,254671.10753193597
New Jersey,Energy,6570270.056515435,14731.668983464311
Oklahoma,Transportation,8077292.594424025,126294.3864204162
Wyoming,Aviation,4277009.5795604335,69760.40993312388
Idaho,Energy,9451208.8918341,336666.5910226668
New Hampshire,Defense,9635221.271013828,116874.20832614326
Vermont,Energy,9055549.352375142,328494.45205201104
Nevada,Transportation,3091093.7124349815,142777.60770871994
Kentucky,Energy,3474278.7557992227,98004.0817060821
Illinois,Transportation,6249068.423968925,150206.59870052172
Colorado,Federal,4770032.813142549,468344.7799469472
South Carolina,Energy,9743797.693939934,36244.00972940128
Oregon,Defense,3441200.089458445,348945.4752240838
Massachusetts,Transportation,173200.96167520818,381682.5346178566
Georgia,Aviation,4701716.694426712,359338.65200370515
Delaware,Aviation,5888091.286609959,208852.99761673
Arkansas,Federal,6183920.989294235,414844.79636048485
Minnesota,Healthcare,1768366.6870448948,256160.01681343614
Maryland,Transportation,4015926.7393972497,58500.82611874116
New Mexico,Federal,5215897.346882106,434502.292978624
New Hampshire,Aviation,6848137.221598559,232373.94413669885
Maryland,Transportation,6243869.365333099,185948.9144705708
Montana,Healthcare,1841814.1318491967,171835.34639757394
California,Energy,5570102.746033778,205888.68909316254
Kentucky,Energy,3196613.033691382,363189.9467382829
Rhode Island,Defense,3691844.8477527373,187654.39179127553
Alaska,Defense,7378120.184087702,283597.91279739747
Nevada,Federal,1774667.8113464864,310678.68603847316
Rhode Island,Healthcare,2444570.842224231,499201.73983163893
Arkansas,Aviation,3215299.4225420044,173261.95575935888
Maine,Transportation,8257395.659883933,231522.8900894773
Colorado,Defense,7284500.035683819,108374.83657533932
Vermont,Aviation,4712966.8520908775,384840.28771373973
Minnesota,Federal,8768469.922378102,290877.89362718654
South Dakota,Energy,1189942.401785768,206590.04098004222
New Hampshire,Corporate,3685060.5402482073,249578.27933546985
Michigan,Defense,7549206.237945658,288183.2386550628
Ohio,Corporate,1129093.2757135294,464289.9219800887
Rhode Island,Aviation,4744645.672526322,270948.965621818
Mississippi,Federal,6029796.664185355,35449.9725071252
Connecticut,Energy,9555257.069760103,453227.92610073386
Montana,Transportation,1161451.5265552003,258141.72311179643
Ohio,Aviation,965736.0636864677,399425.9856611011
Louisiana,Energy,9276315.234782226,326532.41864905757
Nebraska,Healthcare,1330069.3155693319,349548.4126295131
North Dakota,Aviation,4603874.178064255,439778.8232499832
Hawaii,Transportation,1431694.464966042,45084.023154831906
Georgia,Healthcare,9661550.452521274,257204.9676722784
Virginia,Aviation,7980621.645557063,103355.69993500516
Nevada,Corporate,2866354.818795091,276962.9420936522
Rhode Island,Aviation,339176.36160683393,237427.8156336774
Connecticut,Federal,3608519.3926607496,33947.40314246972
Delaware,Federal,1873057.6330939888,304085.48878958775
Florida,Federal,2635731.090346363,109641.35841464672
Wisconsin,Healthcare,3928629.397669993,144438.56407074467
Wisconsin,Energy,1380052.898298866,121379.03736063425
Missouri,Corporate,8401830.665580451,70285.8371847271
North Dakota,Defense,4644323.111726232,155647.72469680858
Arizona,Aviation,8494100.402458822,67272.42605197636
Mississippi,Federal,6553585.807360351,93033.24383239157
Vermont,Energy,3588311.9561076444,377392.99728975573
Missouri,Federal,5443204.054491178,323221.5739683955
Texas,Transportation,2482685.626431065,192284.529846278
Kentucky,Aviation,5707786.798327241,359604.6735751138
Texas,Healthcare,8227479.161783954,395783.394821163
Iowa,Federal,216642.381132646,185036.78391399758
New Hampshire,Energy,214476.02743976482,396178.4180507671
Alaska,Transportation,3503999.1376777287,140726.21076617873
Florida,Transportation,9662009.36510077,412442.25549990585
Nevada,Federal,7267639.988606877,26705.119257740258
Georgia,Defense,6161146.513509621,235749.16831907863
Pennsylvania,Aviation,6752341.060671081,443260.4153209765
Nevada,Transportation,5600577.220797722,460362.91246121575
Kansas,Federal,1287801.394815259,243097.30298362797
Mississippi,Defense,8176522.267025712,433265.9661577987
Delaware,Transportation,1827094.6728584575,495882.61567551515
New Mexico,Transportation,5337368.674202039,422912.50872471294
Idaho,Corporate,5125665.747652198,79790.11848579149
New Mexico,Defense,9331823.056971595,223007.56173836137
New York,Defense,8878752.708259039,124469.09099099862
Virginia,Federal,8588817.453060979,234653.98160881907
Tennessee,Corporate,4622200.478438882,157584.26887825286
West Virginia,Energy,6614488.725772119,225886.0890442736
Nevada,Healthcare,7199268.472818176,265089.9950968756
Massachusetts,Energy,4782151.828564903,184236.71004976204
Indiana,Federal,6143907.453907298,279595.8960208041
Indiana,Defense,8285500.466666299,154915.9573172867
Pennsylvania,Corporate,9247668.011704963,310418.2182630444
Colorado,Defense,9545738.61301279,235875.63476193114
California,Aviation,3767571.517109011,286419.22576019284
Arkansas,Transportation,9042801.441638254,310575.0516096036
Nevada,Corporate,7513801.421212443,376576.9444909496
Florida,Healthcare,7392801.088562665,432335.9533978792
Louisiana,Defense,718325.2622467366,467777.0024163964
West Virginia,Healthcare,2334728.1674501467,495380.4450593478
South Dakota,Defense,4021227.3971680664,438293.8274749885
Louisiana,Energy,6576769.222966389,43233.89042613153
Iowa,Transportation,6450432.131784073,255960.2104776286
Nebraska,Aviation,6610844.199810484,326989.9347109995
Montana,Healthcare,2053929.0452659915,332735.41774560744
Connecticut,Federal,443204.26458020974,216294.290248988
Maine,Transportation,8514483.983745486,127435.44837670863
Tennessee,Transportation,5006619.1157064345,452320.6857899258
Illinois,Healthcare,8052256.817707167,445359.156916044
Wyoming,Energy,166782.9286252191,37771.52891552805
Virginia,Healthcare,708991.5229873604,496539.15207528486
Texas,Energy,6372464.412199664,330720.41437232646
Arizona,Transportation,6483012.874783103,381205.3720144651
South Carolina,Defense,3454559.0112916133,153207.84310112026
Kentucky,Aviation,106649.78507094414,180986.05941532517
Massachusetts,Energy,9423891.684080694,371921.67351764295
South Dakota,Aviation,9140917.910449183,124304.69259822494
Oregon,Federal,8920584.385578925,75890.36700595777
South Carolina,Defense,4394824.947976999,364686.08315962873
Texas,Aviation,9725233.033708509,483104.33125480695
Montana,Federal,2355723.456284825,13445.814154870508
Wyoming,Aviation,9584927.182459252,174727.6079671904
Oregon,Transportation,2380229.142249088,469394.96066144045
Arkansas,Energy,1826622.4745497296,59980.58469542166
Wyoming,Healthcare,7211226.931091199,186128.41399911753
Nevada,Corporate,2310902.3976036296,391639.12866479374
New Mexico,Corporate,7400704.693609994,446387.99975902063
Wisconsin,Healthcare,2199072.4963979656,167086.9100905144
Mississippi,Transportation,6967882.899494171,159225.8324578214
New Mexico,Transportation,4492456.959923743,435018.873618478
Utah,Federal,2792673.065714615,470256.86549260234
Minnesota,Transportation,1353959.1337587321,261853.48624224894
West Virginia,Defense,1727953.5185683484,367152.40046610247
New Jersey,Healthcare,6099921.5396233825,246270.4558567919
New York,Transportation,8576201.243886655,473364.7841669954
South Carolina,Federal,3892800.5633357954,212838.75954850687
North Carolina,Corporate,4247345.948623536,485918.7870024397
Connecticut,Aviation,3619920.2124896455,139478.29146573832
Mississippi,Defense,9593147.271315034,360008.80291552836
Connecticut,Aviation,8581947.309604418,326823.4726070081
Tennessee,Aviation,504043.8263762952,391186.37312447483
New Mexico,Federal,3097447.5058945073,404206.3090332076
Wisconsin,Aviation,5560263.374287178,38208.56963512572
Michigan,Corporate,9942787.936373768,346403.75802223256
Massachusetts,Corporate,7645612.378059963,233269.6415328244
Indiana,Corporate,1235430.7539240022,222691.61592458413
New Jersey,Aviation,9963790.219302634,422989.4021988221
Pennsylvania,Healthcare,256711.87619544016,139591.5136521564
Nebraska,Healthcare,9996309.272724278,95570.78533767274
Alabama,Defense,5359006.915335288,329736.71570265235
Idaho,Transportation,855664.0623438018,162394.94481334693
Illinois,Transportation,5441713.267150779,251148.5501376658
Alabama,Federal,6872962.835278668,303555.4988717792
Oklahoma,Transportation,9282747.747301852,449845.2711647755
Delaware,Transportation,3558784.733334855,147195.40347782773
Ohio,Corporate,2856386.4768121825,10276.196879909528
Colorado,Federal,5038161.952278576,317422.4756736
Alabama,Aviation,6904944.274651956,138896.69544836917
Colorado,Defense,1312961.3796250834,176414.44796605865
Indiana,Aviation,4325231.967070487,323806.45756271994
Illinois,Federal,1865096.2584097397,27500.33542750735
Nebraska,Transportation,3430450.1656751703,123755.09254977308
Arkansas,Transportation,192214.28834887018,418985.79055158806
West Virginia,Corporate,685249.3684606903,416583.568161268
South Carolina,Federal,813780.1903565632,472497.61913410464
Colorado,Aviation,7422883.569608043,124088.28029784378
Illinois,Corporate,8896309.753647104,285783.3906219834
Michigan,Transportation,6749682.756928585,229350.40338801348
Texas,Aviation,5551215.1052933885,15197.150198954478
Arizona,Transportation,9653741.090779323,237171.887206446
Connecticut,Healthcare,1950821.5364056071,301770.4546600939
Maine,Transportation,1351613.7454487258,53177.31204970832
New Jersey,Transportation,5464714.062947673,477466.70488844276
Connecticut,Transportation,7091060.351154779,33656.24328531881
South Carolina,Energy,6994256.925997612,383535.1881703851
Tennessee,Aviation,8744773.605637183,72419.68794539256
Pennsylvania,Federal,5695177.58089677,99237.0039102925
Utah,Healthcare,5230405.812325369,10894.337096198195
Louisiana,Transportation,2534899.856329434,180816.74734757497
Georgia,Aviation,8705843.256686496,219329.44630489653
Oregon,Aviation,1243809.6929734508,16889.370571448213
Virginia,Energy,4837657.097211315,341479.41721053177
South Carolina,Transportation,3289434.5125678065,417647.7696561693
Pennsylvania,Federal,2130585.0081370994,435631.34631295205
Louisiana,Energy,8533292.587170498,220963.6269903616
Illinois,Defense,9243542.550854167,215371.8602305976
Colorado,Federal,1612760.3675904418,284104.7091098575
Tennessee,Federal,7333315.197056198,121605.00712450912
Hawaii,Corporate,1904366.4559395325,44333.15152248115
West Virginia,Energy,840795.0745491302,128518.17505223134
Maine,Corporate,5007918.576175913,224453.13709632066
North Carolina,Healthcare,295597.3860921343,352291.6066963371
Hawaii,Energy,8842233.364763025,186429.22825067726
Oklahoma,Transportation,9958777.850686744,456066.37782018236
South Carolina,Corporate,6561071.438913381,53039.09038808908
Vermont,Federal,225397.08593651577,239911.43972746964
South Carolina,Corporate,6837429.043645193,17774.51991481828
New York,Transportation,6326341.784691059,439970.9320573841
Arkansas,Federal,9300799.819977498,219617.3978628453
Michigan,Energy,6512230.417964213,496391.0940706828
Louisiana,Aviation,2342985.2860587966,448119.59854076814
Oregon,Energy,3461090.9318310544,61507.52490340003
Texas,Federal,4143626.60308393,75371.38415050742
Nebraska,Energy,9625033.05301628,48701.59411360076
Utah,Healthcare,8800366.172421925,295251.1132111798
Montana,Aviation,8540507.952890176,477598.05401948345
Ohio,Transportation,888912.3424458596,415669.134799196
Massachusetts,Aviation,9055299.00374268,214604.65305170263
Pennsylvania,Aviation,8784137.129204385,128827.61813307604
Wisconsin,Defense,3084371.1387330526,73529.94878069035
West Virginia,Healthcare,7620537.267806526,57783.054670116464
West Virginia,Aviation,8878158.194427362,303393.3863837989
New Jersey,Energy,3673417.4094311334,13986.011208530459
Utah,Corporate,4113701.604761469,122530.67950837333
New Jersey,Energy,8679810.765299916,468605.1175676082
Idaho,Energy,898370.5825738445,477591.88232979056
Pennsylvania,Healthcare,6605676.68162372,53805.15058748419
Vermont,Transportation,2673193.267051884,224114.9347464582
New York,Healthcare,8508350.286023276,150331.75875316653
Colorado,Healthcare,5153540.300817888,457334.4226596701
Arkansas,Aviation,6858144.650587054,24586.529283083793
Washington,Aviation,5414641.857066076,160651.39017933674
Nevada,Federal,3659412.124816718,342342.15733854845
Georgia,Corporate,1230263.2575152188,24190.007958425813
Alaska,Healthcare,6107496.191375862,255568.75108029085
Minnesota,Corporate,8848045.513487987,432195.6159034885
Maine,Healthcare,4138940.179829308,68680.49671520488
Utah,Energy,5928024.023382704,65268.55105254504
Illinois,Defense,1794151.373709213,461501.14031011413
Colorado,Defense,8609234.913534446,389133.459715912
Washington,Aviation,9900410.418562785,17452.25522297831
Missouri,Transportation,5223610.076556479,60915.876066992765
Pennsylvania,Corporate,6588950.71641282,83447.18750937519
North Dakota,Corporate,9227880.024059772,180633.48601180245
Mississippi,Corporate,2776690.5148969195,417136.1685310623
Alaska,Energy,6881363.507621012,162020.3252456414
North Dakota,Transportation,3999063.375718462,68539.14386412693
Washington,Aviation,3117937.437764296,359760.9011343926
Utah,Federal,7414429.0289030755,100153.38976587026
Idaho,Healthcare,5778849.114502826,347203.07404297165
Rhode Island,Energy,3705039.335136145,315741.6690035524
New York,Healthcare,7220205.705291308,186206.4028905862
Arkansas,Aviation,8740076.393045902,153659.17879760775
Arizona,Federal,9523984.658231787,375769.9014574232
Maryland,Federal,1992327.2414950011,82848.45958883993
Texas,Energy,7120789.185794087,271072.66289918474
Oklahoma,Federal,1529590.4417967356,45120.47471756211
Ohio,Healthcare,6335247.44358612,416664.9336263109
North Dakota,Federal,6494867.202795025,69091.75625230439
South Dakota,Transportation,8932929.805985563,267388.4802954253
Pennsylvania,Energy,4409756.772551587,484945.16647484555
New Mexico,Aviation,802533.1528552175,277069.22293836006
Maine,Corporate,1403799.5058846078,480267.41759675386
New Hampshire,Corporate,886249.9922666331,381058.9139762725
Indiana,Federal,6314365.802709833,455585.99035186466
Utah,Corporate,129709.5904113584,420758.45000012865
Tennessee,Energy,7798149.382295969,151218.31327080404
South Carolina,Energy,5304303.360468288,441788.17382748576
Iowa,Corporate,7085571.579053898,76520.1397692018
Montana,Transportation,9843161.935530253,357222.208085542
New Hampshire,Transportation,8418163.640900701,282690.42164075957
Georgia,Corporate,2259944.1481445874,75358.3837516493
Indiana,Federal,5804319.059536436,150819.92683575713
Nevada,Federal,9142847.551996104,460347.9302108237
New York,Healthcare,3865961.570979437,326597.3670557797
Iowa,Corporate,1056290.895506247,16761.185674614
Ohio,Aviation,7631411.138181603,261356.64939429858
Georgia,Federal,7798979.5419248445,188994.69767378268
Vermont,Energy,4214949.18060913,490443.115983676
Arkansas,Defense,3509313.2619228074,93654.16052328536
New Mexico,Corporate,3598349.9548377693,66748.45026756308
Oregon,Corporate,6582308.307057992,359635.03899881814
North Carolina,Aviation,8777494.727910802,202034.4783917603
Alaska,Energy,3444199.3379170485,170024.9064332248
Vermont,Transportation,5456011.326067217,450148.14771378617
Oregon,Corporate,1837039.342633374,66249.88447793643
Connecticut,Transportation,4259369.946409091,429960.77679012873
Texas,Energy,4975478.372077834,138471.92600993178
California,Healthcare,8888883.317593494,399964.7145609145
Pennsylvania,Federal,596910.6238839696,192145.83004424674
Kansas,Healthcare,3155324.8452248788,461949.50317266176
Colorado,Transportation,9447978.30414356,188167.1559408026
South Dakota,Energy,3619281.0142041068,146868.01055184845
Texas,Corporate,9882484.896353237,227983.50032851187
Texas,Energy,4766917.434600925,420593.73041507386
Wisconsin,Aviation,5938557.662571333,422772.2893624591
Nevada,Defense,8432161.560885265,250521.28268593398
Tennessee,Healthcare,8848322.169008525,183078.9607694696
New Jersey,Energy,1454967.184302003,131054.39395711136
Indiana,Healthcare,159228.5296558327,139796.84774860612
Pennsylvania,Energy,5118246.224345824,394368.28782061546
Idaho,Healthcare,9051600.854775028,208421.6585223941
Idaho,Transportation,2583500.365631919,336785.59354271786
Oklahoma,Corporate,2145259.339174141,412747.08562846965
South Carolina,Transportation,6213107.097354901,379721.26480653253
Alabama,Energy,8010423.619666492,418977.0376978218
Virginia,Transportation,4939052.551361895,499087.350708204
South Dakota,Aviation,3869879.536918632,174260.3813491418
Colorado,Corporate,665644.0648008783,200726.9702530758
Arkansas,Transportation,5031583.269444773,234561.9110209026
South Carolina,Energy,5770494.027505849,218388.70609203997
Kentucky,Aviation,5807146.59380009,251777.23590105714
Maryland,Transportation,6970878.004429459,445571.3069396279
North Dakota,Transportation,5225655.916551852,383905.8257979647
Wyoming,Energy,7264671.5453177905,170235.279179848
Arkansas,Federal,6524153.856314572,393691.5305673829
Alabama,Transportation,726899.2196004478,372365.37998957303
New Jersey,Transportation,849525.0710200118,137964.66852447359
Alaska,Corporate,4514620.211990686,199486.49566483177
Massachusetts,Energy,9527431.356254822,425786.39271959173
Michigan,Energy,346961.3119984346,276304.31024719507
Pennsylvania,Aviation,7964415.850923459,20646.64860375505
Wisconsin,Corporate,5203580.094777802,364843.3495483495
South Carolina,Aviation,6182041.884266418,173734.5502011764
Virginia,Federal,1705110.3991548354,28684.904016678636
Oregon,Federal,9988571.397722628,222856.22130291615
North Dakota,Defense,8370694.851815425,260403.4317356773
Iowa,Federal,4080174.7684106794,334495.7384286818
Oregon,Defense,9026454.918725753,211377.6192396206
Hawaii,Federal,2997003.8542592297,299546.300529072
South Carolina,Federal,2068085.388670818,298744.5177830811
Maine,Corporate,8482231.001904981,384117.67791363463
Alaska,Healthcare,5596006.39109331,463317.9475129058
Nebraska,Energy,9434925.536200456,12566.564902597474
Indiana,Healthcare,8367538.686520564,431149.8810178556
New Hampshire,Energy,9405034.172332907,252083.54578863404
Illinois,Aviation,5344075.1640889915,352085.1805053212
Pennsylvania,Healthcare,5238923.745669413,462937.68635865534
Vermont,Corporate,4037279.8420193833,304931.7105822346
Vermont,Transportation,4750701.129037691,30940.777919286007
Alaska,Corporate,9049908.559339361,307027.8962567936
Oregon,Aviation,8624266.692600256,488006.91727701493
Florida,Transportation,6537681.831049075,97674.16390438689
Florida,Transportation,8851678.216982972,462951.3324752742
Iowa,Federal,4656911.6327341,497895.1403517655
Nebraska,Federal,5974942.759694473,410103.25731754914
South Dakota,Aviation,3836723.420517629,31467.4520480592
Arizona,Defense,6430091.189670948,414497.08402251254
Illinois,Transportation,506697.3031476241,333932.29432103306
Minnesota,Energy,7361971.073932223,190022.92635315264
Oklahoma,Healthcare,2422221.370446099,201034.64478783248
Montana,Energy,1993998.524902283,465689.18811893836
Illinois,Energy,7504838.528639407,337253.48001792235
Iowa,Transportation,7107556.0310542025,372348.78469505114
Arizona,Energy,5774539.038224826,100161.80347822522
Michigan,Healthcare,1244950.2281040119,323800.771631173
New Jersey,Energy,7194237.050307652,280528.9615433072
Connecticut,Federal,6279960.221096602,91995.2717022674
New Hampshire,Energy,752258.0483748459,463989.06292643567
Texas,Federal,7549536.053228374,167944.0347125126
Arizona,Energy,3242342.7005054685,361613.39690500544
South Carolina,Corporate,8337632.976047365,119640.66444806353
Rhode Island,Corporate,2883947.410418554,45646.752331363874
Washington,Energy,7230215.63960416,404057.2967543849
Arkansas,Defense,8567398.891574461,44492.48913480089
South Carolina,Energy,6350655.4333547065,146275.07992036635
Texas,Corporate,5310425.408304481,165888.10678769424
Ohio,Corporate,6804855.061216103,229142.90747655625
Florida,Federal,4547385.543880673,144724.93094919962
Oklahoma,Energy,9188195.590207178,414736.88224671193
North Dakota,Healthcare,5641012.14144696,455205.30794837046
Montana,Corporate,4389276.642714057,356804.484717812
Florida,Aviation,2271502.997698826,387354.33798873366
Nebraska,Energy,5585587.537851914,294934.30615041
Georgia,Corporate,3698391.880736195,364638.4965074866
New Hampshire,Aviation,3676100.856445268,222553.61845407044
Kansas,Federal,1609838.41942122,211159.27165268434
South Carolina,Defense,3236772.6732395953,347799.4047090272
Texas,Defense,7292149.5663492195,144884.2696607316
Tennessee,Healthcare,8643868.266928444,417601.2592089178
California,Defense,7924332.831199847,45488.70444470999
Missouri,Corporate,4443446.885726314,477497.1260278812
West Virginia,Defense,7840224.302393352,128121.66191069566
New Jersey,Defense,3041751.9031679626,65858.09751907989
Missouri,Healthcare,5642692.449593957,207085.9676000766
Virginia,Corporate,1867298.7218249773,225407.28068727485
Michigan,Transportation,4745861.626518514,351420.55919283413
South Carolina,Healthcare,349442.2369142722,40392.6383481417
North Dakota,Transportation,8079368.903933693,464064.87801526074
Minnesota,Healthcare,9855883.371399658,377698.07055081637
Florida,Corporate,2984823.288353774,374549.42548126506
Utah,Aviation,7477695.701981672,95871.60897849663
Connecticut,Defense,1243823.4846081487,248863.16109535322
Minnesota,Transportation,3522361.6862243055,118670.32370957732
Delaware,Aviation,5477342.228078487,13537.572696938201
New Jersey,Federal,2165107.868873033,280233.0667220612
Iowa,Energy,2882809.024188148,17534.22655081471
Iowa,Defense,1806073.0080485886,376364.2207096623
Idaho,Federal,7836597.406245506,145730.37428493425
Pennsylvania,Aviation,4369796.848663343,165824.8058384344
Nebraska,Energy,128393.6606443297,243996.96171747433
Mississippi,Healthcare,8757599.92703034,175980.20279016497
New Mexico,Energy,1792590.8214361654,248089.70905186064
Connecticut,Energy,3860455.3892043023,439232.82162582007
Alabama,Transportation,5667349.689223239,176065.60471682862
Indiana,Federal,7485889.900712346,51716.54995573236
Georgia,Aviation,2728421.9854707066,73877.62803108816
Colorado,Transportation,3036118.8263380867,202378.0634156148
Delaware,Healthcare,6003276.647170124,95715.05365986125
Maine,Healthcare,3922760.164306683,254860.7834536457
Minnesota,Transportation,9484868.978189329,85043.62374980308
Illinois,Transportation,5154519.878657767,96767.2067429011
Montana,Energy,516516.08353243413,332953.4780800644
New York,Energy,5885964.609984731,406107.4012943272
Texas,Federal,9142188.356423218,299266.0181102673
New Jersey,Transportation,6462994.70137842,43012.52976650611
Idaho,Aviation,5322182.910543764,166178.12390056066
Hawaii,Transportation,2860721.328216104,249044.2068638751
Washington,Energy,8649178.283895746,210622.07408879325
Indiana,Aviation,2530698.9868329517,269525.77946158603
Kansas,Transportation,7044960.446169522,254636.18746769716
New Hampshire,Defense,6157588.8250900945,285890.32784163725
Texas,Aviation,9055107.79377214,297646.6308989166
Georgia,Defense,1127622.7056237136,308331.3349480988
Virginia,Federal,1090764.735161481,49393.79389518273
Louisiana,Energy,4339522.849909223,449428.6437238647
Ohio,Defense,5757389.545507569,22601.848050250293
New Jersey,Corporate,7375473.274137838,103537.30807579563
New Jersey,Energy,403134.78663568007,459138.0074002849
Mississippi,Healthcare,496738.453102882,184466.1355507725
South Dakota,Defense,9255208.954849489,165125.99404629707
Virginia,Energy,8397974.267647125,226337.06645768153
South Carolina,Healthcare,2897452.570481249,190142.1910711091
Ohio,Defense,1910865.669911872,15918.356004640405
Illinois,Healthcare,253203.13433139437,85539.35294715659
Wisconsin,Healthcare,7540967.095020979,409601.37658987334
Kentucky,Energy,1216699.0021290216,181086.25264405203
Colorado,Energy,4338754.11372625,499639.2035679535
New Mexico,Defense,6798792.900843418,268689.49462411157
West Virginia,Energy,7859768.124672059,244607.2793687761
Alabama,Federal,9533467.120439917,50167.29487351091
Michigan,Corporate,2240682.258165588,81270.20308446465
Indiana,Healthcare,3143521.1206894913,387937.29936865857
New Mexico,Healthcare,3159822.6252155346,250824.46612553683
New Jersey,Federal,4888175.048670832,333187.10663786007
Wisconsin,Transportation,3757210.2762149028,161144.68417509756
New York,Transportation,198499.46600455994,17120.26624944687
Washington,Transportation,9573110.686120145,392899.9672815431
Texas,Federal,6305906.042066751,290582.3511785223
Florida,Healthcare,9617003.023679005,411789.5262993815
Tennessee,Corporate,3723962.1278258082,157309.14475750603
Mississippi,Healthcare,9361998.287985949,118538.47987406753
California,Defense,1272769.9739552177,42465.788930974784
Nevada,Healthcare,6394445.975586625,73437.95628156251
Missouri,Federal,3342329.7415650366,473203.83189044456
Oregon,Aviation,3399440.2485088063,45543.52382240046
Illinois,Energy,626757.2495706219,417849.0298421483
Colorado,Transportation,4317853.510993398,410545.91770999366
Washington,Defense,851010.0645372411,25968.92258025361
Idaho,Energy,8888508.396946002,83264.94622642334
Washington,Healthcare,8351222.535275695,246066.25203578747
Tennessee,Energy,9920151.134768859,47594.81745315599
New Jersey,Defense,5447746.048218305,158802.30836631235
Delaware,Aviation,5955307.5056709265,263764.1227986441
Vermont,Transportation,936635.8716796859,344743.3106261453
West Virginia,Aviation,2988037.0431552962,42228.630038555624
Oregon,Defense,730130.06777576,315346.19877136324
Louisiana,Federal,4546828.674796647,71916.82465395682
Illinois,Transportation,2760079.436179938,185890.08018916487
Alabama,Aviation,2971522.3816260197,40494.53078339406
Virginia,Transportation,8254818.113967411,344920.2689740686
Indiana,Healthcare,398230.06156543735,290049.65186415956
New Mexico,Federal,1607384.3603715873,299605.1567254123
Arizona,Transportation,8963856.951325646,230101.7037596334
Georgia,Corporate,247105.10310390728,392488.96905559616
Maryland,Corporate,2585960.718463294,422481.61931005423
Kentucky,Federal,2111541.6197940824,464806.86259143625
Mississippi,Defense,7392094.652959595,455180.1913587226
Colorado,Defense,4078134.972625319,272836.4340132158
South Carolina,Transportation,9742383.821274081,73185.74023837384
Delaware,Healthcare,7847246.415169767,483736.22607716697
Arizona,Aviation,1240120.261265729,135921.7271233462
Wisconsin,Aviation,9291403.363546165,117042.14809493047
Minnesota,Transportation,2141173.787706799,73253.6231697594
Massachusetts,Energy,4444398.201595989,241242.37070188095
Kansas,Federal,7290298.453092876,58237.84695615486
North Carolina,Transportation,3209149.6828586627,259332.4474195742
Vermont,Corporate,5683730.835796649,159320.1768145332
Delaware,Federal,3409477.4871941605,384092.96264990064
Vermont,Aviation,6063033.610161431,342548.502826411
Vermont,Defense,247825.3216620566,452173.2974896861
Montana,Defense,5847425.828252342,51828.74888495738
Iowa,Transportation,984853.401515721,209429.5366211041
Hawaii,Transportation,6792214.912651926,487536.8775757139
New Hampshire,Energy,3959468.7177146827,226575.57123433254
Texas,Healthcare,7618304.993216572,121510.21475373185
Arkansas,Energy,6945923.937520651,305303.29820313567
Indiana,Defense,1732536.623237575,302097.1972246885
Utah,Healthcare,7582898.899581506,181715.91398221493
Alabama,Healthcare,4587009.136859492,51640.68753325594
Michigan,Federal,3963986.6397851855,43303.57131300969
Connecticut,Aviation,2681980.6156084947,67557.44569100265
Maine,Defense,6924665.664143217,37864.30712933846
Illinois,Aviation,8580028.904377848,77032.56507554931
Alaska,Corporate,417880.8892508665,102767.78907243039
Washington,Defense,3226919.206516297,221284.44366769935
Oregon,Healthcare,7114048.706431009,452788.2986775245
Louisiana,Healthcare,8203927.791778386,169926.8153113129
Washington,Transportation,1177771.685380321,143321.8977755467
Michigan,Corporate,3774713.418707255,89901.6515138809
North Dakota,Corporate,7017264.866339659,387184.9391479306
Utah,Energy,895231.1625486034,56459.33340898128
Texas,Corporate,3394003.011805567,62750.56318794818
New Mexico,Healthcare,2049277.1441423825,163545.36506875098
Alaska,Aviation,1523514.596181355,137605.34203399636
New York,Transportation,6792914.931485498,489179.60083745443
New Jersey,Corporate,8669051.147282397,424238.0773016782
Montana,Healthcare,8489365.590122508,131685.09397222675
Mississippi,Energy,3629986.2904792884,84227.78030442762
Delaware,Healthcare,7295347.7058475325,53571.279653892765
New Mexico,Defense,5332354.818756251,245953.14493180683
Vermont,Aviation,7198891.562445359,353894.245584685
Kansas,Energy,3876270.786466328,135521.255177256
Mississippi,Transportation,8948371.358138874,353749.14607072447
Iowa,Federal,8557198.678318093,208559.97102887448
Oregon,Federal,4251640.836456466,190325.0549468339
Iowa,Federal,3676566.7499866914,160530.13453606953
Rhode Island,Defense,1663317.1577631645,102405.05645309712
Louisiana,Aviation,6881532.472819816,335039.88534920197
Pennsylvania,Energy,8903832.566082686,468002.7799470489
Tennessee,Healthcare,575498.6875771884,463985.24638758396
Florida,Energy,9458857.129551798,463418.30498551176
Kansas,Corporate,8758332.339402307,41066.52414318071
Oregon,Energy,5712458.188333577,84933.69133614108
Arizona,Defense,6342501.383552541,67234.96064960642
Connecticut,Transportation,4493363.913778836,46943.080067406976
Wyoming,Energy,9723569.608845664,105859.9355381354
Oklahoma,Defense,6610638.454951459,58183.26883189796
Nebraska,Transportation,9832089.676230067,314213.74206328177
Georgia,Energy,3440726.328077734,322197.1811791183
Delaware,Federal,2937851.9886336266,315172.69668774644
North Dakota,Energy,3552794.22618595,222220.09771873328
Georgia,Corporate,9959195.303315768,313194.19288119895
New Hampshire,Healthcare,1315046.498216075,146388.86701666738
Wisconsin,Healthcare,9061496.838409867,404081.80437467445
Arizona,Healthcare,9864249.082627593,208566.41837028446
Maine,Healthcare,8354327.091981938,488874.1299183402
Oklahoma,Energy,1751428.882894632,363540.62099642365
Kentucky,Defense,5152035.498231547,369700.3884911576
Illinois,Energy,6262296.259410626,181423.0188725471
Georgia,Federal,2834836.386487549,495469.2537037594
Arizona,Aviation,2310149.226158873,50022.14678242353
Nevada,Federal,9238935.930064984,218978.57984536848
Iowa,Healthcare,5801734.706294512,29509.27761730387
Connecticut,Federal,2855245.9829074033,446126.8763459665
Massachusetts,Transportation,1685288.9256833815,396317.15028292785
New Mexico,Transportation,9679029.399741463,38436.045839499784
Washington,Transportation,1332838.654199293,222280.8500783099
Georgia,Defense,6904422.294456539,274616.68050143804
Colorado,Transportation,7635645.907577661,136605.11377178854
Virginia,Federal,6691915.184733178,200982.15903208617
Ohio,Healthcare,6661899.4880200345,58681.21495127024
Vermont,Healthcare,6646526.839221258,361659.24019362597
North Dakota,Transportation,2312823.597219639,418156.98400791915
Idaho,Federal,9939635.292503998,286030.00124504115
Georgia,Defense,9378894.670386355,321420.60450268246
Oklahoma,Transportation,7087557.726218022,56763.884884381994
Mississippi,Energy,3347395.3838993222,94306.55517262401
Ohio,Corporate,4179363.9873408983,67623.47981977958
Missouri,Transportation,1142582.9462841507,428509.87235360907
Nevada,Federal,6513629.262963637,349201.1740280833
Maryland,Healthcare,7522592.112898419,33586.07582378768
Arkansas,Defense,3380469.878809501,40870.508767952684
Indiana,Defense,399439.23979541496,187702.90489313166
Indiana,Healthcare,1752383.4164979565,284836.2419647763
Hawaii,Aviation,3818536.3357206,81972.6693671725
West Virginia,Aviation,3777775.9164410247,78516.91685623772
Indiana,Federal,8965217.119044939,97130.38914462892
Illinois,Healthcare,451871.81408419256,400942.5528587874
New Hampshire,Healthcare,2389430.212402717,125567.87813591327
New York,Corporate,8299696.750179379,162862.99383847232
Michigan,Healthcare,3358659.5485015544,188770.3297967693
Massachusetts,Healthcare,2088390.3560582912,76880.38643061243
Ohio,Corporate,4875684.602000954,477564.65442657226
Michigan,Defense,7699520.996027925,168011.18502221102
Vermont,Healthcare,1279314.388350195,22571.9609284963
Vermont,Transportation,1091698.604212489,27730.382074160072
Texas,Defense,7245674.888506202,428522.9074521709
Utah,Corporate,6701193.230796514,110237.72254668936
Florida,Transportation,1707339.8769507667,303292.5164777188
Iowa,Defense,6965836.676673515,382566.0806469882
Colorado,Healthcare,8253648.126694531,471830.50519474264
South Dakota,Corporate,8474770.603548624,141235.24971565415
Mississippi,Transportation,5720887.823719934,285558.44420425233
New Hampshire,Transportation,9632634.213513121,347402.5343417384
Vermont,Healthcare,5208375.919571999,352874.9138138989
Iowa,Aviation,6453453.21159382,442913.9184247561
Missouri,Healthcare,419540.91453114426,117861.95108564023
Utah,Energy,3843493.3001867468,114120.50003065026
South Carolina,Healthcare,3259350.080691994,447900.13732199697
Oklahoma,Healthcare,3599114.1320652375,444508.9967228309
Pennsylvania,Transportation,7578613.24515483,423384.5052504295
Virginia,Defense,2639394.2153521306,166410.45141206443
Ohio,Defense,4597996.621493413,129511.36293104448
Colorado,Energy,7381359.870756528,204099.17363776636
Wyoming,Defense,704150.8189943411,120118.95311240797
Maine,Corporate,3499952.598293219,177977.04212397098
Kansas,Transportation,6910049.64403833,408437.3338423575
Nevada,Defense,5415245.119756044,196416.29830292374
Connecticut,Energy,2536857.880848009,360532.03605105163
Washington,Federal,8738372.743873904,159197.65570914443
Virginia,Defense,3364281.2261678823,174478.77362376836
Indiana,Transportation,6688472.144081803,290431.011131119
Oklahoma,Defense,9254402.145886311,138751.06726588157
Delaware,Healthcare,8518909.181265105,219527.98916171244
Iowa,Corporate,8286875.620997702,118090.30581535761
West Virginia,Healthcare,6621817.232160943,132639.9959936631
Virginia,Aviation,8436430.05100353,461906.25281001173
Ohio,Healthcare,5306548.560279231,191038.84222754076
Wyoming,Healthcare,6429666.868014469,204978.5009550692
Iowa,Corporate,1935905.7265770072,358158.32062640466
Ohio,Defense,821463.1275196549,184418.47085633996
Nevada,Aviation,8557771.320165869,20841.914336073234
New Hampshire,Defense,9335803.851750726,191992.92617008978
Indiana,Corporate,9486969.76421746,105709.29575432313
Idaho,Federal,6293329.115710589,251330.33666969274
Idaho,Transportation,3038676.8545092475,490864.7039584298
New Hampshire,Federal,1728905.444888336,89166.83104801335
Idaho,Defense,8314101.455390701,324977.13733906206
Maryland,Energy,542370.7670588989,153803.05993134074
Maine,Aviation,6804138.90242716,134093.5881108688
Massachusetts,Aviation,6274182.686278109,294039.4681781496
Missouri,Healthcare,1107757.942857992,135948.24541530988
Texas,Corporate,4151062.070589937,468180.6201937412
New Jersey,Federal,7310658.225908664,49119.182246486824
Missouri,Defense,9643996.053770551,283771.7886454639
North Carolina,Defense,8629729.01289411,363994.1937919017
Connecticut,Aviation,7836923.305844161,394095.2269928719
North Carolina,Energy,4628324.719984359,111526.77154332152
Iowa,Federal,3437091.5540927406,487839.0694137374
Colorado,Transportation,670242.5442898391,225784.82683818342
Nebraska,Corporate,3975272.12017835,219128.34670271576
Washington,Federal,2049579.6699207723,120837.95597186741
Washington,Healthcare,3356611.2298166403,156643.91653685895
Mississippi,Aviation,8838319.829916144,488248.47843609937
Texas,Transportation,4373809.3225593455,138470.5150464735
Missouri,Corporate,4938096.322962297,461719.0403575785
South Dakota,Federal,3948703.040792775,54284.16297954971
Arizona,Defense,5784488.103315245,156271.41469627933
Idaho,Transportation,582833.0399464873,450002.03695532354
Rhode Island,Defense,402228.1884586727,458823.53444990015
Vermont,Corporate,5761569.91343236,113180.87728997933
Tennessee,Federal,1455604.2542548769,253593.87373605356
California,Healthcare,3558480.972262917,306245.1184545472
Maine,Aviation,469805.1903405484,399558.59339729685
Nevada,Aviation,8229382.580017563,326884.6027893655
Idaho,Defense,3635318.7405337854,175312.92144643114
New Hampshire,Defense,2578483.042549308,440341.0199240894
Nevada,Aviation,3180783.5076953736,47215.587834013066
Colorado,Transportation,5851690.222401763,484887.90096700104
Tennessee,Federal,1404688.6377213239,74711.24361777407
Colorado,Corporate,2231845.386204008,358766.1642560843
Nevada,Defense,4688726.601367065,48499.591061692685
Virginia,Aviation,7283502.459633241,434971.3217060541
South Dakota,Transportation,9222258.99111245,363171.9213514686
Virginia,Transportation,2712784.0347967655,446056.6858596576
Hawaii,Corporate,3568385.0580917355,37526.21745030144
Oklahoma,Federal,8479131.655141644,464710.20442914264
Maryland,Federal,9111459.773318278,19632.138599490878
West Virginia,Energy,376816.1858561488,83992.55397124121
Alabama,Federal,5217439.448275835,196796.0935998803
Kansas,Federal,3319477.6252896553,438232.83890268515
Wisconsin,Transportation,6151455.7861301,370992.4390466286
New Mexico,Energy,7194077.226603465,275527.4484565732
West Virginia,Energy,670630.1641529405,228496.62999151056
Texas,Corporate,9580999.68965084,208158.4142488622
Georgia,Corporate,5413536.793763501,351568.0622028483
Colorado,Healthcare,5195428.681340212,24355.945969328175
Colorado,Corporate,9798662.007682513,462423.03273900965
Arizona,Transportation,5198400.279863575,230381.80416169873
North Carolina,Federal,5301035.206746929,362404.04070116335
Idaho,Healthcare,3302398.336659822,186779.5519277529
Minnesota,Federal,8525376.315399876,125507.51097919256
Connecticut,Defense,8406496.597603355,467177.4928810989
Virginia,Federal,2664151.6074113953,130460.61767018728
Kentucky,Federal,5614758.1824281225,196654.78327715764
Alabama,Energy,3177855.29667421,16297.581678483315
Oregon,Healthcare,2990965.696208665,73513.2781732805
Utah,Energy,9063238.097528182,377905.432417262
Ohio,Defense,4639748.432805372,109286.62677462996
South Carolina,Defense,1054388.5402825759,48840.34361449448
Ohio,Federal,940726.1035471064,350537.24340256455
California,Healthcare,8838781.844808104,352775.2152950893
Arizona,Transportation,3354500.393101908,455077.4583458894
Alaska,Aviation,8947921.1617289,441848.29533456423
West Virginia,Energy,6751590.8724432755,316363.69362078595
Oklahoma,Energy,1379560.2357808074,92360.35454279436
New Jersey,Healthcare,9875599.676701123,247913.5249861818
Alaska,Transportation,8852245.071954854,109333.27116015888
Nevada,Healthcare,7518157.588767372,137279.67439020064
Louisiana,Aviation,4489830.299599651,282354.7702957146
Texas,Healthcare,740839.976176686,140114.7878695114
Minnesota,Transportation,620300.5369271832,48176.387232008725
Colorado,Healthcare,6824427.968517253,235810.94189611342
Iowa,Transportation,3874034.7297469107,347509.816352192
Texas,Energy,1108020.8939682771,121368.58084519766
Utah,Aviation,8531909.083511893,44126.89328647603
Texas,Federal,1847074.0059592777,61769.77215394954
Utah,Transportation,4710640.8738931585,396612.3338682374
Kansas,Defense,1073359.5495482623,365329.2089956215
South Dakota,Aviation,4236913.3834464345,122817.17762959021
Iowa,Defense,7124585.449620594,491365.58897008834
Vermont,Federal,6140513.154216632,123919.55569001695
Alabama,Transportation,5531936.407438763,436612.2759240347
Texas,Federal,5392168.395968377,326191.32223453396
Florida,Aviation,2677527.755156396,93180.93234863025
New Hampshire,Defense,2776122.996626968,353415.9935260601
South Carolina,Energy,1775642.8648024339,184461.32050741775
Michigan,Corporate,2226092.1533781574,413449.27178804245
Kentucky,Energy,3341896.122213535,75102.2542094812
Oklahoma,Healthcare,7201383.751344648,255209.09020503034
Hawaii,Energy,5470119.448443158,277044.5225566334
New Mexico,Transportation,9325706.811349602,420925.11897441786
North Dakota,Transportation,9959586.162762938,355798.2663385093
Washington,Corporate,4593224.642686759,353049.17320879386
Mississippi,Healthcare,3427328.4367013243,235218.41428089284
Illinois,Healthcare,2309003.983743616,162705.05509823895
Washington,Healthcare,6846688.874822848,466698.75775154325
Colorado,Healthcare,7864073.462642212,345760.48269970994
Texas,Transportation,6662381.371726483,418876.8534834931
South Carolina,Transportation,8914517.636508653,122148.9062366805
Arizona,Defense,1548337.8949765626,282726.24839230976
Colorado,Defense,8847840.840855645,101994.19326982586
Oregon,Corporate,2898795.9282704648,443182.98522900883
Arkansas,Corporate,9424770.64730637,24654.956316370764
Tennessee,Defense,2179246.518749808,167758.35946281374
Maryland,Aviation,8758156.285966791,101409.60314541872
Nebraska,Federal,6810831.705675407,194023.0885912471
Tennessee,Aviation,4282830.291815053,378264.9278249653
Florida,Aviation,9899132.053408908,244298.4220422441
Nevada,Healthcare,1037487.252467495,220916.9954329398
Washington,Healthcare,460848.74246257,384064.83918067615
Wisconsin,Transportation,4019807.76834249,214824.97505527525
Michigan,Healthcare,355994.5188053407,382381.4191596599
New Jersey,Transportation,5462598.581141465,203862.56365444796
New Mexico,Aviation,5365205.386562335,122448.53235485703
Idaho,Federal,6073746.731189336,181800.91275531726
Delaware,Federal,2241964.8528561494,492852.41030949383
Colorado,Federal,257606.41454530612,142422.121353597
Texas,Aviation,1568611.6585530126,386430.89804304176
Illinois,Transportation,3119911.6775983972,482815.8308180866
Wisconsin,Federal,7235229.247007747,155237.29411049315
Georgia,Energy,3651918.789045605,451909.2566713853
Maryland,Aviation,4830701.368111369,119714.12855458536
Nevada,Healthcare,5973548.359242884,339750.8698609447
Illinois,Healthcare,4685294.356322151,423002.53671475523
Montana,Aviation,9476708.141863598,361542.2325772351
South Dakota,Aviation,9587646.45777686,396332.06754124723
California,Energy,9861756.024512388,334032.6279313421
North Dakota,Healthcare,3216829.875007622,67602.07229380123
Missouri,Energy,9268694.749667715,220564.25267706942
Maryland,Corporate,6129019.607535283,218142.43739870403
Indiana,Aviation,3084924.135984171,36576.40436218603
New Jersey,Aviation,6042014.3782731695,414405.27647861565
Wyoming,Defense,5509461.948386281,294979.1385295688
Hawaii,Healthcare,2083949.7275722339,400562.4581303694
Texas,Transportation,5835763.671423596,150558.03525447563
Delaware,Aviation,3628136.6909544193,184390.36515986314
Colorado,Energy,4882763.217480137,393441.1194135509
Rhode Island,Healthcare,4507669.558074501,489267.6674173485
South Carolina,Aviation,8765178.405772785,335081.32652365067
Oklahoma,Transportation,7538158.975904959,480082.5680349658
Maine,Federal,357892.60976611235,402158.0985287835
Oklahoma,Transportation,1897164.643994323,188100.40456269612
Maryland,Federal,3285131.14797339,339781.76477894926
Georgia,Federal,5814242.477385714,266758.63548629964
New York,Defense,3946325.093175152,404686.5116426103
Virginia,Federal,7235029.389675033,45346.89508796856
Nevada,Federal,6471313.735213038,261291.84859191003
Wyoming,Defense,1543909.431294242,338306.5051323192
New Mexico,Healthcare,8957604.881599212,325629.96098172944
Connecticut,Aviation,7588659.351184086,143917.547444762
Nevada,Energy,6452388.389462472,302195.1118269586
Utah,Corporate,6763805.000992501,118563.72594178736
New Mexico,Healthcare,1205396.0129835627,491126.99557287904
Louisiana,Energy,9800230.972709056,341048.83477966575
Idaho,Federal,353168.18534283846,432687.23797583213
Ohio,Transportation,7193043.715404855,492312.6377355934
Missouri,Transportation,6039715.9572202405,294502.7518276748
West Virginia,Healthcare,7692263.771893706,292775.34578394715
Wyoming,Transportation,6570691.261653483,279433.5418518912
Delaware,Transportation,9124218.214137465,282075.5743853334
Vermont,Defense,6398867.925102456,348656.49665368145
Texas,Healthcare,2460560.6945277667,55725.49099724161
Tennessee,Aviation,6401634.26642629,13246.128432709715
Arkansas,Energy,8631977.038687166,490093.33849478466
North Carolina,Energy,4296270.17050399,52991.67779467924
Oklahoma,Defense,6806324.536052626,254555.0022849343
South Carolina,Healthcare,1567256.0865674769,316861.339901539
Texas,Transportation,9835074.822357569,311930.55385019473
Pennsylvania,Defense,8157276.143001561,228360.7326974518
Maine,Aviation,7024443.464380867,430694.48067284323
Virginia,Healthcare,5439337.029419991,268030.3641195381
Michigan,Federal,6215790.236440969,190888.58473741813
Colorado,Federal,9792214.039870076,20806.970330641798
Idaho,Transportation,5487721.357220667,56786.59311077175
Pennsylvania,Corporate,8185912.66383848,358243.98051496036
Nevada,Healthcare,4019977.369373012,279435.37955030845
Connecticut,Federal,8560718.031821657,118818.73993031461
New York,Transportation,9385823.814288758,142066.48238075018
Georgia,Aviation,7873992.093663987,488573.4675079344
Kansas,Healthcare,6964208.3966184575,381737.93537442444
West Virginia,Defense,6321708.964416108,253025.1040757933
Montana,Federal,6419864.028851039,104091.15991750653
Nevada,Transportation,1785061.3827524765,13042.284622541669
New Mexico,Energy,2006895.4600513326,129085.05959868981
Connecticut,Defense,3509357.7269528164,65391.798006928664
Wisconsin,Aviation,7194585.23322605,202335.64455264164
Wyoming,Aviation,1253461.6611941103,400270.14297452546
New Mexico,Defense,2369169.9309868794,307005.2535772665
New Jersey,Federal,6785849.253616141,146437.5796149947
Hawaii,Aviation,2288365.2692994303,109684.90500529832
Kansas,Aviation,6300589.480323698,35699.430635324665
Michigan,Transportation,9055769.292002246,49203.861281165
Alaska,Energy,9485702.520411814,320005.8148482614
New Hampshire,Aviation,5722424.698813192,414241.1179028415
Louisiana,Energy,470986.41895223944,330126.494239654
Illinois,Transportation,5262039.284628201,187479.5543457699
Texas,Corporate,9131924.852277633,343302.4457513249
Colorado,Healthcare,5413767.499180208,457691.1616878818
Montana,Federal,1316228.1737586162,81544.54993052839
North Dakota,Healthcare,1504995.9687329722,270586.35214668245
Missouri,Transportation,6464434.693369561,63178.8761844083
Georgia,Federal,5888472.592740795,315239.7236381016
Virginia,Defense,2696465.1852973634,271454.2590647631
West Virginia,Energy,4571713.068216219,486110.11732285435
Montana,Defense,6988260.595196066,311077.39400671003
North Dakota,Defense,1040417.448605812,307268.87226617866
Maryland,Energy,9611782.054935955,285603.51010157936
Utah,Federal,6989628.628099313,364856.3284331672
New Hampshire,Federal,9397181.067281498,58753.52195061576
Arizona,Energy,2910720.339494058,464084.0877703752
Indiana,Aviation,175144.56928765378,359434.3229013213
Connecticut,Corporate,2589421.0175356204,106021.48742134667
North Carolina,Defense,4571303.891307329,493096.2032621142
South Carolina,Federal,7599940.345075117,92036.37903680376
South Carolina,Defense,2064598.717594837,12485.618957402254
Oregon,Healthcare,125382.43130689282,371877.7201481801
Utah,Aviation,1190978.8863520576,217981.2093352082
New York,Energy,321336.4582847116,430419.0819742358
Louisiana,Energy,5288936.660806516,150531.95171379865
Colorado,Transportation,2860349.2850222248,79922.90586799904
Maryland,Transportation,4135127.035849903,448352.23794899374
Idaho,Healthcare,2502079.3525917423,303190.014822869
Idaho,Aviation,173566.7538935988,442943.82477190305
Montana,Energy,1713627.3187574951,413822.1303515281
Kentucky,Federal,9452277.600328265,350397.1654364438
Wisconsin,Defense,3299146.291506914,338228.31703147304
Colorado,Transportation,7108859.591430044,427064.99441877275
Vermont,Corporate,9776898.645365162,268379.31529044546
Utah,Energy,1635055.728943012,287640.95487714245
Wyoming,Energy,8183383.207392293,208027.1348646991
Colorado,Healthcare,6521081.63439192,155568.07186375197
North Dakota,Aviation,4149214.0725016035,212437.14402802679
Kansas,Energy,5371476.604652177,306466.2050679462
Michigan,Transportation,6822752.697625992,326735.5891220315
Oregon,Transportation,9744285.15058276,466857.63625009946
California,Federal,973526.6641359987,346119.52425072226
Oregon,Healthcare,9339092.421367029,374028.9848365298
Wyoming,Healthcare,3804277.5133663444,241514.96681643146
South Dakota,Healthcare,1773823.5340502644,365932.2343917151
Illinois,Federal,1752080.6514426789,306757.74641548813
North Dakota,Defense,8840340.317033954,16991.68963028804
New Mexico,Healthcare,7775111.891723221,25767.30012056153
Oregon,Corporate,6154609.713694613,174873.05934103052
Kentucky,Corporate,5003217.017615897,348526.5224586503
Maine,Healthcare,9716327.297088644,422413.6622900348
Delaware,Healthcare,4738107.84997232,340340.3420959451
Montana,Healthcare,4211250.083303817,309184.01204728393
Louisiana,Healthcare,1248076.5240717735,202879.33482274844
Arkansas,Transportation,7976973.559536417,441393.69857419014
Hawaii,Corporate,9164250.3081069,262708.4405562779
South Dakota,Defense,9823835.901796818,265126.4439168357
Louisiana,Aviation,3354681.7666056883,484795.55312757223
Mississippi,Transportation,4612028.47582196,254238.19271532696
Indiana,Healthcare,303840.1259878801,477370.4111114247
Connecticut,Healthcare,8898407.899801278,20022.441077931417
North Dakota,Aviation,7293019.404799634,27340.090484464727
Oklahoma,Aviation,4705917.367533073,137340.64567416845
Minnesota,Corporate,8441103.16898572,296490.990079267
New Hampshire,Aviation,8701861.27117763,71107.50196257279
Illinois,Corporate,4043514.433081132,139880.68350303857
Virginia,Federal,3066812.3430633564,64355.334218098644
New Jersey,Aviation,9437923.313207634,368694.445536509
Tennessee,Healthcare,7359158.266749419,321919.2333086022
Pennsylvania,Aviation,8505026.192809757,223573.83856338114
Delaware,Federal,2528977.169542357,19574.17556636989
Utah,Healthcare,3199937.5663651135,48713.91207314064
Louisiana,Federal,6748321.3641042765,395018.5076655331
Ohio,Healthcare,6393469.706229603,322308.11712908593
Massachusetts,Transportation,8478133.66833813,381970.07768182456
Idaho,Healthcare,3449172.229237912,424307.4062098563
Kansas,Healthcare,6564459.250801922,386560.5780420807
Illinois,Corporate,5237372.665596767,222176.2278497858
New Jersey,Defense,810528.633510404,359554.66820771655
North Dakota,Aviation,2749491.296208539,239054.2935466037
Texas,Energy,730859.2168179462,292463.1151988761
Iowa,Energy,9343351.388460336,256535.7820055728
Kentucky,Healthcare,305574.28715893556,165216.98626488296
Maryland,Federal,3153456.824352724,259664.65542045818
New Jersey,Energy,3725213.052292381,498880.8053958097
Michigan,Defense,1092018.3645556387,18085.248829166783
Texas,Defense,3098081.1272697453,476324.33297089173
Alaska,Transportation,3159749.3807968274,72463.38712779887
Wisconsin,Transportation,1608865.5083082155,14953.583230754386
Idaho,Defense,6078490.881506155,42726.6351950514
Kentucky,Transportation,9097862.565032914,39448.04739997689
Colorado,Transportation,9478231.494149346,207681.85602853802
South Carolina,Energy,6344841.221907251,329824.37030517554
North Carolina,Energy,1473512.1317061514,460398.4756822901
Missouri,Healthcare,7455603.418571709,337380.69137544936
California,Defense,9961753.834418548,334699.5281481889
California,Defense,718060.2347658699,144853.3349226697
Nebraska,Defense,5662346.057226302,300579.1873153413
Alabama,Transportation,7361773.507113449,253551.80637768016
Delaware,Aviation,514540.7613336304,496279.9610036715
Texas,Healthcare,2892708.884509194,223783.57622523504
Michigan,Defense,6429479.9148869915,223960.63646412548
California,Federal,7280966.019494442,346608.4298283217
Minnesota,Aviation,6156755.642751716,349834.38150465867
Tennessee,Corporate,6450371.574210976,103151.90723143666
California,Transportation,2228341.0977654937,123397.62090093606
South Dakota,Corporate,1253233.361934422,491443.6233273531
Nebraska,Transportation,8885515.6231876,437480.87896792736
Michigan,Energy,9903822.125848189,345109.599928546
Georgia,Healthcare,3602284.606355393,349483.5031799116
Utah,Healthcare,3476840.0999548933,18430.75172763104
Pennsylvania,Corporate,3951035.864010413,217895.2427896369
Colorado,Defense,8270256.708244097,399857.77677743323
Kentucky,Corporate,5913489.833555886,154204.24095970922
Nebraska,Defense,6656176.233406614,408584.4382916669
Nevada,Aviation,9650288.571875945,336973.71003305446
Montana,Energy,8625351.459238807,357447.9420836912
Vermont,Transportation,5978305.211914675,133881.71889570256
Wyoming,Federal,2952557.71038059,277713.88598216884
New Mexico,Aviation,3194459.966338457,164482.20245263627
Connecticut,Defense,8749680.334042177,86395.61767826443
Kentucky,Transportation,3081928.877724847,127070.60492121679
Illinois,Energy,9587221.204613844,224913.00145137036
Arkansas,Defense,5846866.191286105,476880.36155081575
Maryland,Energy,2991093.741217926,53246.907221519854
West Virginia,Transportation,2956891.0581459035,87828.61706538583
Delaware,Aviation,4381194.791473627,360519.1340815174
South Dakota,Aviation,2188937.6790972496,330775.82667692855
Arizona,Federal,7547665.908376918,312883.7295839579
South Carolina,Energy,649312.5530217884,69558.00771750159
New Mexico,Federal,9393015.473214895,31140.184863718463
Louisiana,Transportation,9963008.943954548,48714.96329238348
Delaware,Healthcare,9353620.567698285,88127.69310971214
South Dakota,Defense,2561635.030319387,76967.12077013975
Florida,Corporate,7414744.982317476,124872.7042578151
Georgia,Federal,3713398.0664253947,446780.0852281914
Connecticut,Corporate,8577454.40594639,180741.1086593762
Oklahoma,Federal,896749.1458838427,366745.7263444094
Kansas,Healthcare,1064224.7884986005,264986.0679305607
Michigan,Corporate,272267.63719697465,61729.56020313354
Oklahoma,Federal,4668597.617175664,414595.551504736
New York,Healthcare,5914433.421071507,74301.99334604878
Pennsylvania,Transportation,1293859.4334180022,219726.334838779
Alabama,Corporate,6614243.497525283,124519.24324797788
Massachusetts,Energy,5153414.080718158,27710.961294761048
Florida,Defense,4408317.676547042,123020.53259815866
New Jersey,Corporate,487615.2184925828,258960.71556041576
Colorado,Defense,3166444.85026166,84501.36480046029
Arizona,Transportation,4649391.837031423,179032.11446395304
Arkansas,Aviation,1331643.788155143,304714.8304955451
Rhode Island,Aviation,1532431.8063458372,141674.75853102363
Virginia,Transportation,9269330.987300105,397955.3807598393
Louisiana,Federal,3240400.572800333,139096.72910845932
Michigan,Corporate,3227140.086636214,438238.03747604316
Hawaii,Healthcare,3677507.720605074,150974.99636941793
Maine,Energy,5932532.775152032,264852.3728374761
